Area,MajorAxisLength,MinorAxisLength,Eccentricity,Solidity,Perimeter,AspectRatio,Circularity,MeanR,MeanG,MeanB,StdR,StdG,StdB,Classe
5525,104.567759402245,69.2244582056913,0.749498755317189,0.983971504897596,281.649,1.51056089296555,0.875237101400709,31.2781900452489,29.9817194570136,29.5969230769231,15.2507963366852,15.5358380954097,14.6575027663219,1
1778,373.830742771553,7.57722111053523,0.999794560234277,0.835919134931829,732.752,49.3361269676802,0.0416128629067678,128.660292463442,82.8599550056243,56.240157480315,14.4089092805846,10.7168533038526,13.5295265332454,1
6233,108.954121455742,72.9270543059735,0.742958691863219,0.988423723437996,286.53,1.494015115414,0.954040456069668,23.1938071554629,21.6305150008022,21.6289106369325,12.7825315614229,13.1441601760664,12.3116272932683,1
4447,91.5161618390541,62.16553199691,0.733874815637877,0.973937801138852,259.957,1.4721367114433,0.826939925588454,25.2183494490668,24.8219024061165,24.7483696874297,16.9159959293775,17.2209905675639,16.6223528678359,1
12249,190.195111331929,89.2290969372258,0.883121119994536,0.879640933572711,533.605,2.13153688494387,0.540593373556133,31.1764225651074,31.1685035513103,30.425585762103,21.3300433753638,21.6831516023846,20.7263208036232,1
5446,103.092032070827,67.6015385426673,0.754987047082431,0.98037803780378,269.79,1.52499535207708,0.940233681769648,30.7811237605582,30.3070143224385,29.7313624678663,14.6898208137927,14.5856431672696,13.8467805017828,1
5912,100.283502719005,75.4800627909643,0.658401619515804,0.98369384359401,277.896,1.32860915864276,0.962010247237784,26.4687077131258,26.3386332882273,25.9685385656292,15.403797485675,15.3548786531583,14.8420668289118,1
6395,103.150272202702,79.5278862850359,0.636846570273397,0.97040971168437,324.814,1.29703273934631,0.761694699326729,29.488506645817,28.8078186082877,28.5437060203284,21.8216098497319,21.9836960411125,20.9768723434554,1
5944,103.142995073926,73.7215073637151,0.699379526348051,0.974905691323602,303.022,1.39908961119116,0.813467757909182,30.281796769852,29.5225437415882,29.4520524899058,23.1550422200821,23.2989734483164,22.4848457387401,1
5693,99.3142649478904,73.244252270456,0.675347332298948,0.985459581097455,271.645,1.35593253899528,0.96949956046553,26.7825399613561,25.1006499209556,24.7612857895661,16.5945764984335,16.6084741575849,15.7069783392685,1
6035,104.871614660469,73.551369142418,0.712820240801577,0.980025982461838,283.378,1.4258281780915,0.944397604411115,26.049710024855,24.8999171499586,24.7496271748136,15.8051562588714,16.0684727143761,15.1631208239761,1
5147,102.283512170511,64.7864062765642,0.773824316340121,0.974810606060606,305.765,1.57878045795405,0.691812634455138,34.8589469593938,31.8284437536429,29.9137361569847,22.585191294666,21.2610937450455,18.9236489266917,1
5521,98.9116508273218,71.3137187096543,0.69295169849206,0.979421678197623,270.461,1.38699331092282,0.948458454688991,23.4883173338163,23.2729577975005,22.9206665459156,14.2910956902129,14.3798599383886,13.8024838393438,1
18769,226.140681676473,155.380233743704,0.726567161893916,0.76708353768187,793.793,1.45540186308052,0.374314342987205,31.5030635622569,30.3575043955458,30.0468325430231,23.2254463774832,23.1684879397335,21.9262085842282,1
4768,99.1138532998197,61.5514064573856,0.783796945862141,0.980666392431098,253.936,1.61026138969611,0.929175098024526,27.6254194630872,26.2825083892617,24.2544043624161,16.9765630170986,16.6457586154088,16.1427344817678,1
6205,107.021825039749,74.3774279441158,0.719034486261379,0.971808927173062,287.58,1.43890193568082,0.942831949892224,25.8507655116841,24.0049959709911,23.7988718775181,19.5715050998538,19.1234108585121,17.449397190133,1
6141,110.198043391373,71.2909501714176,0.76254531189602,0.976156413924654,292.939,1.54575080183956,0.899279248827479,25.8821038918743,25.7935189708517,25.0967269174402,14.8933048116042,14.8223144903001,14.1655667312018,1
5827,103.74015993554,71.9618031551595,0.720289546620086,0.973275430098547,285.016,1.44160034055653,0.901397606561296,23.6995023168011,22.9457696928093,22.9282649733997,18.6997195317434,18.6835025801288,17.9265389566161,1
5527,102.235122513296,69.1828909804148,0.736255412318502,0.978749778643528,285.646,1.47775152302089,0.851222382899501,30.0595259634521,29.4058259453591,28.0714673421386,19.0216337585111,19.0690249162538,18.2903294392219,1
13020,207.159946791266,91.3082302848243,0.897624012961094,0.850091407678245,536.694,2.26879818111749,0.56802489235702,24.452841781874,24.2206605222734,23.8917050691244,19.463362855681,19.3145084722233,18.4933900875334,1
9875,195.803819615729,71.1186807333127,0.931705757822114,0.867140850017562,472.562,2.75319814142746,0.555685899247628,38.1816708860759,35.5116962025316,32.8167088607595,25.5442838964869,22.9527069655774,19.4468999187809,1
10633,175.092971483753,83.6826831409692,0.878396373766106,0.902095528972597,448.428,2.09234413754154,0.664477428952953,24.6448791498166,22.6776074485094,22.9109376469482,20.0540491072807,20.0206130568489,18.9333278803012,1
10697,143.892721206392,101.883217891165,0.70616246529003,0.903615475587092,455.971,1.4123299615458,0.646543002113041,24.353276619613,23.1563055062167,23.336542955969,19.3788788856253,19.5315431002836,18.706044077211,1
16522,240.911079232897,104.206765911653,0.901608596182522,0.806974699619029,682.51,2.31185640515072,0.445712120168913,32.9512165597385,31.2464592664326,31.0161602711536,21.2174069974763,21.1804706486068,19.8339860724778,1
10654,149.384228510765,95.7273623431678,0.767696972372796,0.924024284475282,419.738,1.56051754539361,0.759916682682464,30.1024028533884,28.020931105688,27.421907264877,20.529353576152,20.328348362511,19.1794318993849,1
3997,86.8450705055291,58.7365812454064,0.736591836478377,0.980858895705521,232.104,1.47855167366114,0.932349542987414,28.2594445834376,26.4618463847886,26.7345509131849,22.6263439475355,22.6787385688997,21.5110684461606,1
4899,96.7635314222877,64.8399565240304,0.742282829939599,0.98117364310034,259.644,1.49234417494444,0.913189104628106,25.1665646050214,24.6968769136558,24.6099203919167,19.7402905165525,19.7631693522422,19.2472551529991,1
10592,143.094266544821,101.831937908727,0.702541947242965,0.890907561611574,460.768,1.40520026902638,0.626936010669603,25.0806268882175,24.5278512084592,23.8694297583082,20.8954330948705,20.4664789782907,19.4152852667191,1
5106,98.8976559804731,66.065107593428,0.744147899119353,0.980791394544756,260.694,1.49697260146915,0.944123054811332,25.6938895417156,25.1427732079906,24.9678809244027,14.433627004741,14.4080788520173,13.7835849828608,1
3790,80.315793984022,60.3206106989034,0.660253352883738,0.982883817427386,224.239,1.33148177800995,0.947167478654998,39.4612137203166,33.177308707124,31.2799472295514,26.6607762616312,21.2105709747251,19.0527318699988,1
4892,95.9112757982861,65.3874741175347,0.73158559305339,0.968904733610616,282.858,1.46681420398477,0.768350502803592,27.3231807031889,26.3307440719542,25.8914554374489,20.7728908320531,20.8145949695886,19.7251683380778,1
15182,244.128462473183,104.42408541556,0.903900697471318,0.75356132426664,704.965,2.33785588355085,0.383887295478036,34.2289553418522,33.5934659465156,32.928994862337,24.2473586527633,24.2746222804808,23.1684481160826,1
5531,96.9276042317388,73.0960657825733,0.65672455422125,0.968481877079321,319.306,1.32603038472759,0.681709527695231,29.1516904718857,28.997830410414,28.747785210631,20.4129153337312,20.3384828140227,19.6195512718843,1
19576,238.915850846887,120.292392613064,0.863999465631718,0.818873922864553,752.118,1.9861260189195,0.434872410124707,25.3918573763792,25.3030241111565,24.9896812423376,19.2094977866178,19.2481124263697,18.5855268751416,1
6090,106.865432522151,73.0834152362326,0.729592023252933,0.979099678456592,308.189,1.46223917118162,0.805736224758732,27.1216748768473,25.9083743842365,25.999671592775,15.2149585774146,15.370707280097,14.7453447861711,1
7222,115.061753948465,80.1965681240034,0.71708358109098,0.982585034013605,309.629,1.43474660624568,0.946638335385643,24.5336471891443,22.6135419551371,23.1325117695929,16.7493448136687,16.7680329549515,15.939871899305,1
10938,186.743738174329,85.2653395665765,0.889677184662401,0.865005931198102,518.832,2.19014829617276,0.510615830053897,24.3656061437191,24.2713475955385,23.828853538124,18.2096507831191,18.2156342142867,17.4103107008498,1
5300,98.2222023742123,69.1529538677586,0.710154318226872,0.97930524759793,266.583,1.42036163143577,0.937175295094472,23.0162264150943,21.2745283018868,21.7058490566038,15.5027626276762,15.6997538953979,14.9327638137057,1
5321,100.393110868206,68.0935983080967,0.734813110294581,0.963774678500272,301.956,1.47433992860778,0.733357597591536,42.3645931215937,39.9533922195076,36.5933095282842,26.2955108141001,24.112761577959,21.6294925439867,1
5114,95.7830812276754,68.4418877929393,0.699583446006845,0.978194338179036,259.882,1.39948041055578,0.951520582482268,27.0158388736801,25.3470864294095,25.5117324990223,17.3460974014862,17.5330423248235,16.5572444046286,1
5339,97.7952547832237,70.1458256677356,0.696792990779045,0.960424536787192,306.263,1.39417069871637,0.715287639338028,27.8458512830118,27.6555534744334,27.1324218018355,22.4941111964311,22.2991915958808,21.2247045035682,1
6557,109.265914315562,77.0763403862194,0.708807954925414,0.974873624739816,294.154,1.41763235991804,0.952281902253952,27.5173097453104,25.7500381271923,25.5465914290072,18.9484919066798,18.7342910093582,17.4805697777764,1
16768,180.441764700764,144.953607916948,0.595539184772204,0.834228855721393,658.501,1.24482423924314,0.485935079402842,27.4087547709924,27.2108778625954,26.4407204198473,20.3532007787649,20.3098270774435,19.274778641374,1
16908,329.842251656389,85.3621345685506,0.965931774115391,0.74481300383243,767.891,3.86403471894798,0.360332096197091,24.8189614383724,24.5540572510054,24.1936952921694,17.4955517265407,17.2381020223783,16.5478253174615,1
4912,99.0323176467831,63.3795142330578,0.768384740906971,0.984171508715688,256.841,1.56252882094715,0.935706223090911,24.3023208469055,24.0052931596091,23.7355456026059,14.7935914126011,14.7582974351464,14.3192607566501,1
4470,89.6367956676361,63.989915782076,0.700268051643579,0.969841614233022,274.181,1.40079564994121,0.747209999219938,23.0190156599553,22.7237136465324,22.4170022371365,14.6889078947975,14.3853853695152,13.652667325128,1
4416,90.5140223584921,62.5836347527688,0.722448491695607,0.97742363877822,248.512,1.44628899737223,0.898554036935368,30.0724637681159,29.7015398550725,29.2923460144928,16.1294087994774,16.0566284794352,15.3054781959774,1
4669,92.121396916495,64.7350279117089,0.711472091417577,0.984190556492411,248.52,1.4230533281323,0.94997253203706,29.5692867851788,27.6935103876633,28.1210109231099,19.3495051501449,19.5677060112904,18.6274106105973,1
11534,169.045962070102,93.0493483176912,0.83487593809694,0.917800588843797,457.393,1.81673450837013,0.692804633266892,27.5957170105774,26.0539275186405,25.7108548638807,19.455043764046,19.3187953847709,18.089229161327,1
11975,172.307582943369,95.9463779253418,0.830625132955309,0.881941375754898,517.773,1.79587376479648,0.561314920526843,27.5998329853862,25.6453444676409,25.6884342379958,23.8226746244498,23.713042818152,22.1868941479954,1
20382,218.678344858383,160.829465255387,0.677566704796799,0.764659538548115,835.382,1.35969080361695,0.367017214447938,31.0096163281327,29.2915317436954,28.8851928171916,23.4563548878106,23.2275620080366,21.7104123040912,1
4781,96.3691602376214,63.5763621657671,0.751514226174316,0.972736520854527,275.704,1.51580173754439,0.790391886781147,31.5726835390086,30.0089939343234,28.5659903785819,17.1877522345597,16.905228161013,16.0973140904917,1
5906,100.982582072492,74.8570061615768,0.671188944285662,0.977490897053956,294.652,1.34900642238515,0.854839378859,25.4388757196072,25.3193362682018,24.9568235692516,18.5638584074773,18.5113084498279,17.7440356940378,1
5475,104.817561173329,66.848945207904,0.770231218280026,0.982238966630786,271.626,1.56797629113429,0.932505304901309,26.1346118721461,25.9340639269406,25.3534246575342,12.9496918076065,12.853359143186,12.38429181788,1
4867,91.537652450441,68.9898793009135,0.657244290404353,0.956752506388834,268.368,1.32682725898361,0.849199541475419,35.5274296281077,34.427573453873,32.4292171769057,22.9882164284928,22.071322659461,20.4549587159243,1
5258,102.401875733683,65.720516724154,0.766880293201096,0.984091334456298,266.234,1.5581416707889,0.932187792604161,25.1059338151388,23.3075313807531,23.701217192849,15.399715125895,15.5800883162344,14.8202572565161,1
5215,97.1077418649261,68.7248256112666,0.706495768530075,0.970774385703649,277.376,1.412993645327,0.851777992284701,36.1821668264621,35.3706615532119,33.6036433365292,20.3366042514672,20.4160621763027,19.3121241155685,1
13474,240.18152823766,86.6776067449508,0.932610814082746,0.792914729594539,647.475,2.77097554094215,0.4038874870985,30.0397803176488,29.5873534214042,28.8616594923556,20.6717598786269,20.4876634652606,19.3881587615437,1
6613,115.025535831084,73.734010298101,0.767521696986479,0.967944964871194,348.904,1.56000650671304,0.682647477636962,26.0910328141539,25.4699833660971,25.1949190987449,17.2323416647517,17.1332598244134,16.3080400474061,1
12825,197.277905234158,96.9669501942639,0.870863671324535,0.84995692226125,587.548,2.03448602682596,0.466853407757584,30.6360233918129,30.1275633528265,29.36522417154,21.2615220628696,21.0115030031024,19.9588927399753,1
11866,163.580995108047,100.365277016566,0.78965512488391,0.88923860911271,494.509,1.62985646002897,0.6097696546783,27.2274565986853,26.963256362717,26.57829091522,19.4129977933362,19.3691096529046,18.3741829721429,1
5619,101.302188272756,71.1327058563546,0.711996207411872,0.973830155979203,275.439,1.42412954847135,0.930717822083606,24.5444029186688,24.4079017618793,23.8519309485674,16.1220738689822,15.9882315274896,15.1734648195334,1
9804,193.705173513474,69.4080891072566,0.933599522031178,0.876923076923077,484.098,2.79081553756855,0.525710425604637,31.5846593227254,29.8725010199918,29.0693594451244,23.1154638556237,22.9469150999831,21.4555872769326,1
6475,110.214306193152,75.1490898672542,0.731496544610141,0.977506038647343,332.379,1.46660866269755,0.736516503998026,36.9762162162162,34.8182239382239,32.95861003861,20.71679796301,19.3830509579521,18.2929466728308,1
5388,96.9336290443917,71.2658185025201,0.677847849660863,0.973969631236443,278.549,1.36017000970758,0.872638246818425,26.4428359317001,25.9990720118782,25.7225315515961,20.1475317527493,19.8201070358039,18.9304226851576,1
5605,100.952302969345,71.1789373265852,0.709132816745895,0.981955150665732,271.958,1.4182889877402,0.952317584420466,29.3950044603033,27.5318465655665,27.714362176628,17.4028119068024,17.4049758518035,16.3324867614341,1
6125,104.598404122987,75.2525722499612,0.694551660579326,0.976718226758093,306.429,1.38996450215084,0.819702442620228,37.9270204081633,36.4357551020408,35.162612244898,26.2778214921138,25.5435232933745,24.0863690518633,1
4714,92.7708479174546,64.930540130277,0.714238486110302,0.983722871452421,248.37,1.42877061751402,0.960287260904039,29.8037759864234,29.3029274501485,28.2800169707255,14.0834671457874,13.9986618408184,13.3059317753902,1
5466,98.1949677645574,71.5458527372125,0.684928617848972,0.979921118680531,288.963,1.37247602771927,0.822611954253243,40.5956824002927,38.8305890962313,37.3455909257226,25.7498859308878,25.3090291794462,23.4407320546379,1
11930,186.321213739485,92.9197948406989,0.866770318983187,0.867005813953488,539.493,2.00518322343386,0.515084735339408,26.4366303436714,25.7876781223806,25.4969823973177,21.7597567590356,21.482488016155,20.3780441157202,1
6188,104.250801738442,76.0790319766281,0.683693502699002,0.97402801825909,297.778,1.37029611221221,0.876950240780788,32.2380413703943,31.7915319974143,30.5017776341306,23.0911727108438,22.4860320714553,21.6473229594744,1
5995,104.128464671911,73.4752097421899,0.708589653806675,0.984077478660538,280.576,1.4171917989384,0.956969315195437,26.2542118432027,24.4693911592994,24.7254378648874,16.7807933428979,16.9178525808953,15.9102319468176,1
4197,82.2319134996552,65.1574200437327,0.610051564967895,0.975139405204461,250.744,1.26204987006027,0.838856615522489,25.7329044555635,25.3316654753395,24.9768882535144,14.2980128371131,14.0691666204599,13.4963430961383,1
5382,103.007812211777,66.7781352137095,0.761400116632653,0.97907949790795,278.664,1.54253801610545,0.870947193219371,28.465811965812,27.6348940914158,26.860646599777,14.3758274045902,14.3497707387446,13.5729425531179,1
5705,102.324923671302,71.7227555114318,0.713228662098876,0.962381916329285,317.61,1.42667306828434,0.710685045869438,28.7009640666082,28.3887817703769,27.8534618755478,22.71676727772,22.2351865450477,21.1786525788941,1
9733,174.138803259133,83.2593910921084,0.878294063086241,0.851531058617673,481.119,2.09152146052192,0.528386327415118,32.7921504161101,31.9200657556766,30.4493989520189,23.7512379245417,23.4647198052795,22.3026909020838,1
3564,79.7583269204346,57.5993609035072,0.691711818874143,0.976170912078883,215.968,1.38470853963204,0.960215575840959,39.1562850729517,37.2522446689113,34.3866442199776,21.6612603939938,20.805153240463,19.633043939542,1
6255,109.265007545395,73.2210116200806,0.742249928751913,0.975362544830812,291.781,1.49226301477962,0.923258173905061,28.9170263788969,26.8681055155875,26.827657873701,18.3444721180479,18.0621204791267,16.6125172674968,1
10128,189.40563776385,75.8379889102118,0.916340526380534,0.868089483157624,489.812,2.49750343443437,0.530486962726827,27.3586097946288,27.0782977883096,26.4882503949447,19.4976243301636,19.2719231476368,18.4503866419055,1
9468,159.383028311413,81.9475507216269,0.857697400496643,0.888263439347031,438.461,1.94493949981289,0.61887960836053,29.0032741867343,27.9534220532319,27.6116392057457,21.7826460612727,21.4451047344728,20.0423840466108,1
11817,157.70147906354,100.914458754365,0.768451419173317,0.918538670812281,469.634,1.56272432127293,0.673283602762329,32.4902259456715,31.4344588304984,30.4396208851654,22.7040344921062,22.8496444884117,21.4725131122382,1
5990,100.719720691999,76.1023354580025,0.655050324934561,0.974934895833333,297.596,1.32347739508707,0.849928725014284,33.0722871452421,32.3477462437396,31.4151919866444,23.9979256202173,23.1079004175813,21.950019949356,1
4261,90.5928605707489,60.2349441642597,0.746934831509504,0.984064665127021,241.963,1.50399177466993,0.914583742595822,29.7071110068059,28.3832433701009,27.6331846984276,16.5241498793106,16.5151030861925,15.6346466385586,1
68,33.3376012930661,4.1815714227067,0.992102335199618,0.571428571428571,68.179,7.97250553034603,0.183830480632241,140.279411764706,103.764705882353,78,6.04175912960439,2.9931147210054,4.83766318325562,1
9143,165.02635981726,84.8150821868916,0.857820925028784,0.815683825497368,476.398,1.9457195060381,0.506242642750595,33.4920704363994,31.4080717488789,30.4094936016625,26.6143923062002,26.1225350844252,24.0934129181879,1
5023,99.1750758668141,64.6981903736774,0.75790631697875,0.984515876127009,269.461,1.53288794159479,0.869323075633894,28.1003384431615,27.6328887119251,26.8238104718296,15.8945113083138,15.5911334485735,14.8266169017416,1
79,30.6996133494456,6.36152132500302,0.978294731181774,0.572463768115942,67.84,4.8258288829097,0.215707515562417,142.721518987342,101.455696202532,74.2784810126582,5.09634536944219,3.62256980734505,4.20298034934052,1
9976,215.977183726347,69.5322536102501,0.946759193056517,0.822898622453188,548.481,3.10614387586178,0.416718833809834,28.6838412189254,27.9560946271051,27.0119286287089,23.4682590209443,23.0887071517554,21.7800662594259,1
6493,108.812956490577,76.4055540895849,0.712006066948734,0.971860499925161,356.776,1.42414982506369,0.641008816246585,28.0517480363468,27.6028030186355,27.0421992915447,17.9524969329481,17.5525030074813,16.6883858978224,1
4740,96.6922782796436,63.465019985938,0.754447158980461,0.962241169305725,272.287,1.52355231749817,0.803404743736309,34.6778481012658,33.9333333333333,31.7504219409283,20.6062630893681,20.1134938330057,18.7424078975878,1
5209,94.5444258796234,70.2741707518272,0.668966465838911,0.982459449264429,269.477,1.34536522975855,0.901406766368496,33.6613553465156,31.6496448454598,31.4008446918794,24.290518870441,23.9758967620793,21.8907400526891,1
5567,97.8201250004151,72.8948281276217,0.666849358871888,0.978211210683535,285.538,1.34193505236277,0.858031553117558,24.551104724268,24.0964612897431,23.6885216454105,20.0083939028877,19.3030989726373,18.3030930536661,1
5270,100.345073408403,67.2361147044446,0.74231688390652,0.983392423959694,266.55,1.49242819650567,0.932101282460666,26.9339658444023,26.3371916508539,25.9324478178368,16.5898979619726,16.5004173037197,15.6144228662731,1
69,20.7653815719069,6.55155338210581,0.948924367837682,0.676470588235294,57.9,3.16953558351874,0.258643654084907,144.217391304348,101.797101449275,74.4927536231884,3.23523599110769,2.99302969730814,3.27478417971321,1
3310,77.3554738010552,54.6760447833916,0.707397982592403,0.978710821998817,208.558,1.41479644527164,0.956277969914817,32.4513595166163,31.6392749244713,30.4456193353474,17.6309645886044,17.447943507076,16.728465464854,1
5731,102.189563331867,71.8703746976404,0.710888774525263,0.975489361702128,293.228,1.42185933719951,0.83758597377999,34.2865119525388,31.2472517885186,29.6393299598674,18.0302419374658,17.5953778051921,16.6139068674674,1
5742,99.8260652941349,73.433059929394,0.677405203280688,0.973550356052899,295.205,1.35941584607965,0.827991034251473,31.7624521072797,31.0071403692093,29.9306861720655,22.1315758865819,21.6309673182925,20.5216859611174,1
5206,96.3473219072515,68.903759599387,0.698960687597621,0.984307052372849,270.56,1.39828831499796,0.893689894828623,28.5284287360738,26.6732616212063,26.6580868228967,22.1844044040006,21.9843504640278,20.4433445200901,1
4751,95.9951402332938,63.3878788793344,0.750980982795099,0.985889188628346,254.937,1.51440846310745,0.918605735411812,33.7766785939802,32.2999368553989,30.3414018101452,23.3121249499425,22.8157452096068,21.4281970961723,1
9218,184.535584193143,74.3796564466024,0.915171779958285,0.832174776564052,494.593,2.48099538246216,0.473533421914159,32.9021479713604,31.8920590149707,30.6734649598611,24.4333586210413,24.341623971273,23.1294481414471,1
15091,172.83722086175,132.498137190583,0.642117179387033,0.866303099885189,635.518,1.30445019474608,0.469539541619979,29.4380094095819,28.7485918759526,27.7424292624743,21.921210739944,21.6089594321136,20.4136316390798,1
62,15.5110178863943,8.24987409821841,0.846824842136513,0.645833333333333,51.581,1.88015207283514,0.292834363167915,145.209677419355,102.903225806452,76.5,4.47630225313807,2.30259780176655,2.41409793762785,1
5981,106.457026794281,72.0203272871264,0.736424090794666,0.974421635711958,302.567,1.4781524995001,0.820995067811888,28.5124561110182,27.7012205316837,27.1611770606922,15.6330962811083,15.6105244978726,14.8013977539449,1
79,13.8935498416595,8.64920969939408,0.782592608589688,0.797979797979798,40.714,1.60633749493122,0.598893239570106,142.645569620253,102.037974683544,73.7974683544304,3.68307972679618,3.15189417194577,4.10559264229886,1
4464,91.4279840184018,62.697137453728,0.72783306872915,0.967071057192374,288.696,1.45824813909372,0.673058040439761,32.7685931899642,31.8747759856631,30.4043458781362,17.6663880711493,17.5231161930446,16.2995235857266,1
4515,89.3451698887109,64.8382301121635,0.688006073355517,0.963097269624573,254.657,1.37797052347285,0.874895900547276,32.6097452934662,31.6033222591362,30.7508305647841,25.1835986319418,24.2228912473798,22.7061748777204,1
5010,98.9152162504925,64.6797612449973,0.756588839131325,0.980238700841323,267.624,1.52930707143176,0.879017405851531,36.9676646706587,35.3175648702595,32.9820359281437,24.5844552622658,23.9783614866201,22.0469488666554,1
4953,96.8604110468471,65.4727957415831,0.736947477786408,0.969845310358332,271.164,1.47939934364723,0.846474985602178,30.2624671916011,28.6830203916818,27.768423177872,18.3354181598763,18.1073822070099,17.1210846342135,1
6504,101.664729598078,82.0032444773467,0.591091300248053,0.9789283564118,301.815,1.23976472206734,0.897240267918963,34.7746002460025,34.4360393603936,32.4795510455105,22.3404299921566,22.1908646794759,21.1572078932618,1
6047,105.625398141271,73.0635891517549,0.722162273937405,0.985174323884001,284.148,1.44566396706689,0.941153855042719,29.3831652058872,27.5991400694559,25.4597320985613,19.2052617382581,18.8388728060388,17.8106329990724,1
13585,186.376888092142,115.716211954,0.783911871172354,0.830785225048924,636.453,1.61063765348827,0.421441045743245,30.2633787265366,29.1324990798675,27.863967611336,20.0544452371993,19.8246128700119,18.5760989608156,1
6293,109.346989579766,73.655524280503,0.739101163274028,0.972042014210689,308.654,1.48457282258068,0.830087313827573,32.2321627204831,31.7498808199587,30.2563165421897,20.2919325218495,19.9813895947,19.1259068211668,1
4658,101.087633753717,58.8016601872718,0.81341060178304,0.980425173647653,257.848,1.71912890608485,0.880403608507038,26.5489480463718,26.3990983254616,25.7610562473164,18.5937280025247,18.3843270781318,17.4627986170201,1
3987,86.5499468798048,58.9586079847071,0.732088940046511,0.97267626250305,235.436,1.46797812631964,0.903879129099286,36.6829696513669,31.8312014045648,30.3260596940055,21.7965739425844,21.915527963456,20.8052284765468,1
5951,108.111125749001,70.6712535190668,0.756761702675806,0.977015268428829,283.329,1.52977512589094,0.93157485312288,30.9442110569652,29.1182994454714,28.0705763737187,20.5032626142046,19.9530992819754,18.5330790247687,1
6419,111.597916337715,73.520684778304,0.75231830079356,0.977016742770167,313.202,1.51791181861581,0.822296016543202,28.6921638884561,26.9415796853092,27.0375447889079,20.4555462647426,20.5090525368323,19.2113272251778,1
4385,86.8442099759156,64.9783867117218,0.663453142580644,0.973579040852576,238.828,1.33650917436904,0.966070850383573,33.6467502850627,31.6043329532497,29.9076396807298,22.3424319321383,21.236140379752,19.2371484856564,1
6137,104.012443801835,75.5232347008911,0.687591152311281,0.975210551406325,299.077,1.37722442919421,0.86218399373897,26.8888707837706,25.9877790451361,25.7099560045625,21.4706760466764,20.8918728834825,19.7608737650185,1
4926,96.6558075394382,65.4936096882297,0.73543413343836,0.974480712166172,264.564,1.47580516632921,0.884387865799451,34.8237921234267,31.7019894437678,30.5937880633374,21.4854031505284,21.6394475308942,20.6647308351767,1
5182,96.8297033547064,68.702310840794,0.704688420684148,0.987611968744044,260.802,1.40940970062991,0.957382396108718,28.0584716325743,27.3990737167117,26.4160555769973,14.9102266492812,14.8197606929889,13.9610467004176,1
6534,113.043487635174,74.1265926132958,0.754990968990521,0.965996451803666,322.422,1.52500585349849,0.789840972904775,35.435261707989,34.8587389041935,32.83608815427,21.598418355243,20.7519614169216,19.9933000043903,1
19665,272.905518096898,117.964272366575,0.901752297664034,0.756346153846154,874.089,2.31345908911166,0.32343908894044,33.6165268243071,32.0506483600305,31.475057208238,24.9950882367573,24.7496759213041,23.2874784496029,1
4866,93.7712834603823,66.2903679469819,0.707276754717884,0.97436924309171,267.004,1.41455367294656,0.857721770568338,39.3431976983148,38.1621454993835,35.8140156185779,25.4726375567873,25.3575259993965,23.9726320667672,1
6222,104.900809210332,76.105721257772,0.688220315348135,0.976306292170093,311.82,1.37835641626771,0.804140501412611,39.6438444230151,38.4991963998714,35.647862423658,22.1318358418477,21.8388815157256,20.7775763331157,1
4690,90.7423588851736,66.1327926239363,0.684729429439293,0.978306216103463,255.078,1.37212350007929,0.905809143908604,33.471855010661,32.8302771855011,31.1110874200426,21.4448500110009,20.7859173819073,19.6402336186473,1
4565,93.0940933176464,63.0533167126528,0.735700148842999,0.970038249043774,288.433,1.47643451877235,0.689542043679728,34.8604600219058,33.1093099671413,30.7719605695509,21.7218095440323,20.7360950650441,19.5891835224556,1
4597,95.8631417946222,61.3471764913366,0.768420384132425,0.97933532168726,251.646,1.56263331545764,0.912229903749589,32.7929084185338,31.4792255819012,30.898629541005,24.0172137318769,23.5180488530502,21.7407021299887,1
5083,102.615332649869,63.4287938977734,0.78608218537039,0.974875335634829,286.614,1.61780362425386,0.777562259875296,28.2372614597679,27.4229785559709,26.2321463702538,21.5129527381409,21.0333246770599,19.9946080260344,1
17424,287.152881796878,95.8986306095366,0.942585946371843,0.772340425531915,781.942,2.99433766646844,0.358103565306595,32.1866965105601,30.19536271809,29.9007690541781,24.5366867585508,24.2359299606295,22.4713244344574,1
3629,79.9140514722888,58.3550131063784,0.683209750864019,0.984002169197397,218.683,1.36944620895911,0.953601193561442,30.2400110223202,28.4444750620006,28.2295398181317,19.9973671806175,19.7558977679222,18.3778169193738,1
5462,96.2044634735096,72.4639446432569,0.657758931721498,0.983966852819312,271.131,1.32761836175395,0.933691076357262,32.8852068839253,31.1757597949469,30.6525082387404,19.9492903402342,19.8438847060373,18.819405319966,1
4742,98.6991368750465,61.3090335839808,0.78367511702959,0.98076525336091,256.971,1.60986287183681,0.90240851482517,30.7908055672712,29.5672711935892,27.9926191480388,17.3695182528824,17.2350160857086,16.330823318805,1
3961,80.4846875827358,63.1098396779774,0.620606310485341,0.981174139212286,226.928,1.27531123503743,0.96658162613116,33.9750063115375,32.5708154506438,31.1083059833375,19.7690741905055,19.577380695989,18.9107188402193,1
4446,86.6177341204899,65.7500143289002,0.650994327951464,0.970954356846473,251.109,1.31737969952681,0.886042931496947,33.7246963562753,32.0782726045884,29.342555105713,23.0396002239451,22.0352553240353,20.5293353089701,1
11522,187.609037192277,84.9161130580861,0.891702120476832,0.892970626985972,477.358,2.20934555805615,0.635403092765169,30.2620204825551,28.5581496268009,27.3515882659261,22.4864046923188,21.8977976961497,20.5818131711366,1
5506,100.615312466575,70.0393201955589,0.717935189699312,0.976414257847136,276.805,1.43655466937206,0.903021748031376,31.4524155466764,30.0621140573919,27.9947330185252,19.4873257344908,19.1904114198164,18.3912610415632,1
6425,110.109038852381,74.4428255115183,0.736825670981001,0.983769713673251,299.068,1.4791088072731,0.902699294851851,30.6417120622568,29.1758754863813,27.4600778210117,20.8275222242084,20.2792278680297,19.4267231708562,1
3724,79.1017852020422,60.0473258337356,0.650956920794266,0.98129117259552,220.294,1.31732402906778,0.964304512098424,33.421589688507,32.3549946294307,30.4667024704619,22.2855621649309,22.2330264767857,21.5240489222048,1
5061,101.656038691708,63.7918122612955,0.778595568004746,0.97816003092385,270.385,1.59355934701021,0.869923397264539,32.2084568267141,30.319699664098,29.9553447935191,26.1647829195435,26.1276538109475,24.6844508991062,1
3990,80.9911587807692,64.2246079347548,0.609243828494778,0.954088952654232,241.102,1.26106116308327,0.86254375228303,43.216290726817,41.8862155388471,38.9130325814536,23.5409338830882,23.0622249048516,21.5902080247844,1
9940,140.794649354761,94.9548328709915,0.73834724441675,0.916382409882917,420.408,1.48275390622875,0.706731265997359,32.326861167002,30.9612676056338,30.4674044265594,18.6414666512102,18.642192736855,17.4392148277279,1
6041,113.391238925138,68.2924420816058,0.798290456982191,0.968419365181148,306.989,1.66037756842319,0.805513960096798,31.7349776527065,30.2822380400596,28.2737957291839,22.1944771903277,21.6530429477618,20.5953570519347,1
6668,116.883515998771,72.9051769585143,0.781630165410301,0.979004551460872,325.507,1.60322655914109,0.79083301258617,33.7224055188962,32.3974205158968,30.0418416316737,19.2363009471315,18.703535340497,17.9982638621789,1
5990,101.220478714085,75.6741840537463,0.664129752115025,0.981484515811896,289.904,1.33758269058039,0.89562925520597,30.504674457429,28.8445742904841,28.0686143572621,21.8753026136174,21.5150341323431,20.4095027921866,1
10019,177.07403807122,80.1007538903137,0.89183673970979,0.883587617955728,457.871,2.21064134194913,0.600548332338639,32.1886415809961,31.0291446252121,28.4905679209502,22.0781147083003,21.7643541639771,20.4749306434508,1
5616,99.4270726677162,72.1884792365958,0.687647718227438,0.973985431841831,284.974,1.3773260459172,0.869013426429889,30.8491809116809,29.099358974359,28.2083333333333,21.8136414230628,21.4422065195271,19.9757210157217,1
5767,102.41544631189,71.9085064763812,0.712053119343911,0.981951302571088,277.945,1.42424660628334,0.938084766930745,34.4638460204612,33.8671753077857,32.4986994971389,19.3174648652419,18.7480245521311,17.7920784101522,1
4838,95.3355187387341,65.247127050076,0.729111683613053,0.975403225806452,262.331,1.46114508100205,0.883438859511039,37.2170318313353,35.5324514262092,33.7703596527491,22.2834193673475,21.5210058167287,20.2149185887186,1
5400,94.7793691992349,73.0066943619378,0.637705293438163,0.979680696661829,274.827,1.2982284710681,0.898431208699499,31.6475925925926,29.6285185185185,29.3824074074074,24.2008342719801,23.8438024211823,21.7828161112678,1
3660,82.9753513557341,56.3112899501684,0.73446107399312,0.984400215169446,220.674,1.47351182026129,0.94447097285843,39.1868852459016,38.4262295081967,35.5549180327869,19.4401568093686,19.2548470308312,18.3342978480984,1
5180,100.124311573709,67.1486646479121,0.741771274956026,0.960504357500464,288.423,1.49108418013525,0.782491888361712,38.411583011583,37.0677606177606,33.9781853281853,22.8758180564362,22.2740276247332,20.7909005029394,1
4451,90.8078090186908,62.4717457970524,0.725752723574955,0.982777655111504,244.468,1.45358206113996,0.935887009607533,30.4439451808582,28.9878678948551,26.8461019995507,19.0270698017599,18.4236983737715,17.944756549231,1
7865,129.330252020533,77.6788475957968,0.799531652599898,0.986330574366692,328.989,1.6649352561653,0.91315780718629,49.2617927527018,46.5829624920534,41.7748251748252,14.3229356752855,14.0168665520032,13.505962170977,0
5717,99.1854429690026,73.5252471295548,0.671184093904524,0.987392055267703,272.074,1.34899843035187,0.970518845710928,36.6982683225468,34.850096204303,33.2574776980934,15.8191123788578,16.074433954269,15.1536277509633,0
13035,221.934054910281,78.4909495173793,0.93537106095745,0.909630146545708,586.617,2.82751140449818,0.476005104988772,37.3136171845033,36.5826620636747,35.0161871883391,20.6178724679048,21.0063371953578,19.7773194576624,0
12290,177.644125140654,99.9364879811629,0.826752596712738,0.855432588571031,531.092,1.77757022214087,0.547548038850904,38.0336859235151,35.7826688364524,32.793572009764,17.1581559442228,16.9999844635307,16.1207333819164,0
6969,114.309165865893,77.9747180917917,0.731222707033943,0.980720517872221,304.23,1.46597728934818,0.946185424477376,37.0467785909026,36.3369206485866,34.115368058545,15.195325803021,15.3342444034011,14.3089638757932,0
17847,240.188725627313,124.758838012016,0.854519057549108,0.78780789264589,792.297,1.9252241320505,0.35727206871377,48.4432117442707,47.1154255617191,43.1927494817056,25.5329829290141,25.691326943893,24.2264533820155,0
5592,97.5012447369031,73.2855446483339,0.659576982777155,0.978135385691796,289.714,1.33042942103753,0.837217045874682,40.0214592274678,39.8213519313305,38.3621244635193,27.0436474409389,26.9091509003609,25.7290259342478,0
4438,142.391579437412,80.1378674613966,0.826593646712517,0.596104768300873,711.878,1.77683265038222,0.110048979251405,96.3100495718792,78.9562866155926,58.4013068949977,48.3200848499606,39.0612503070154,27.8673096015101,0
8281,286.723736819514,85.7726802225321,0.954206891447023,0.457336941514331,1472.876,3.342832893593,0.0479689572162628,90.1237773215795,74.8918005071851,56.4732520227026,47.9479565490303,39.4743007165385,28.5079917715327,0
4714,92.3770730198434,65.6015905450222,0.704050275795311,0.968563797000205,252.009,1.40815294648146,0.932754472572569,48.3292320746712,43.1849809079338,38.4410267288927,25.3412149725036,22.4886264327221,19.5999243592607,0
10891,252.297245135114,95.3195573210235,0.925884546862739,0.608809883168428,822.35,2.64685707976392,0.202378432846372,55.9925626664218,50.473418418878,42.3607565880084,37.7653408980705,31.1125257929195,23.1352544580739,0
1547,115.453020262011,42.8014117423302,0.928742370742168,0.374939408628211,404.722,2.69741150028071,0.118682463559228,87.4557207498384,74.49709114415,56.3930187459599,49.2277735116095,43.1799443236304,32.9355582781896,0
5614,111.702852890272,64.1643801653465,0.818560554701551,0.983704222884177,279.069,1.74088571575729,0.905855822193532,36.0621660135376,35.6667260420378,34.5283220520128,15.8927194873276,16.1882269909241,15.4885807420654,0
6197,97.0256503662944,82.0828043240414,0.533197545932125,0.972688745879768,298.96,1.18204599812724,0.871294937170826,40.7455220267872,37.6520897208327,35.2312409230273,19.3658821951133,18.9803417783149,18.4206708759278,0
14141,169.954480740934,117.548231767815,0.722237263959102,0.887306268431951,574.821,1.44582762483943,0.53780487488648,36.6618343822926,34.9111802559932,33.3184357541899,25.725164334902,25.5698234814285,24.1417535268694,0
14457,234.855252942578,91.9108081713649,0.920241541402712,0.765285056376052,788.508,2.55525174476431,0.292197056844037,53.0187452445182,50.8496921906343,46.3108528740403,30.2198753027214,28.814081132713,26.4151242124647,0
7953,122.14800370869,89.5762670941445,0.679859869305666,0.691384856124489,534.25,1.36362016046407,0.350148108637852,47.7102980007544,42.6618885954986,38.0199924556771,23.1411678121585,20.5116575605054,16.967894219834,0
8772,143.157715381353,85.54585968112,0.801821412622121,0.896932515337423,369.83,1.67346164869915,0.805942785535665,65.0011399908801,54.624943000456,44.0897172822617,47.1805962617976,37.752178813736,26.727805756525,0
12199,163.080289330192,105.505140909777,0.762530614847597,0.868503488537662,482.608,1.5457094121096,0.658180576629077,40.4575784900402,38.2385441429625,36.0964833183048,23.7479243695112,23.7700801566358,22.6330889942955,0
7906,123.124141341176,82.0484845443347,0.745604897230164,0.985416926336782,323.68,1.50062663588438,0.948276401923515,33.1067543637743,32.0672906653175,30.2054136099165,16.5137624904124,16.6892429056056,15.9872276990103,0
6376,101.752928981661,80.2095628175608,0.615319672040674,0.971803078798964,332.213,1.2685885000159,0.725980451017915,42.8304579673777,42.2484316185696,40.5696361355082,22.2359741209572,22.1784155247135,21.504119373924,0
5258,96.6503766924464,69.9244646085568,0.690346966441143,0.967077432407578,292.865,1.38221117935623,0.770363150173471,39.988398630658,37.9823126664131,35.4205020920502,24.7605012464175,24.6544594960278,23.7870892975229,0
7684,167.541259903543,66.6721912440629,0.917409314464131,0.813810633340394,446.095,2.51291065701192,0.485224263093629,65.2537740760021,57.0398230088496,46.1939094221759,33.9392907641779,26.531717501914,19.9180511483025,0
6555,106.464187049468,78.8692895264305,0.671719238316928,0.982022471910112,302.746,1.34988140109706,0.898722743900488,37.1986270022883,36.5472158657513,34.8581235697941,17.9868708587696,17.9960500560882,17.1671762391023,0
3908,79.4871046884932,63.2651515974424,0.605405529251865,0.971414367387522,232.602,1.2564121428851,0.907689955975441,56.9234902763562,54.6642784032753,50.3377686796315,23.4878602933544,24.2069163123842,23.4307989782328,0
4723,100.777393446681,59.7672683291655,0.805156606069763,0.981504571903574,263.241,1.68616361871608,0.856486941294513,41.1361422824476,35.2030489095914,33.53292398899,20.5598240764639,21.102151039739,20.2942126685319,0
19802,312.721999120061,93.9085608518806,0.953846671915785,0.804436139096523,759.64,3.33006912557535,0.431224343801582,38.9759115240885,37.8551661448339,35.9051105948894,21.6080449409762,21.8859481945031,21.1200711725459,0
713,81.9001468643652,22.3902849157674,0.961904648712853,0.538926681783825,205.143,3.65784299630285,0.212905062950664,121.676016830295,99.5596072931276,69.6255259467041,21.8307509086534,17.5547184944276,12.8197867291377,0
1386,84.8724263738032,22.4256331514013,0.964460368621901,0.822551928783383,257.635,3.78461672858052,0.262399721724784,101.224386724387,85.1392496392496,64.002886002886,39.7224960199738,34.3058669748344,26.8715891255855,0
6807,115.057390175518,75.720453369646,0.752921533279446,0.979988482579902,302.97,1.5195021299442,0.931893667942378,39.0619950051418,37.9640076391949,35.4881739385926,16.4694475687225,16.6393711430212,16.0126621124846,0
12811,196.399148284045,95.0447007551416,0.875103160309202,0.848185911016949,574.571,2.06638714966358,0.487646925684125,46.3395519475451,45.0740769651081,41.194208102412,22.8037839914121,22.8681942708304,22.1482141216309,0
381,82.5919349982038,12.3080092610869,0.988833891734515,0.469211822660099,203.794,6.71042190871004,0.115279491608541,132.38845144357,109.92125984252,78.1601049868766,12.8536815519044,9.46512126250282,7.89457401867366,0
6108,102.346926574648,76.2857800021633,0.666656999207288,0.978689312610159,283.743,1.34162522257419,0.953363630146122,56.912901113294,42.4836280288147,38.4741322855272,14.1683003264289,14.4384963090945,13.8491304337588,0
4487,173.903394279405,64.9629280708381,0.92760700058141,0.542694726656991,709.404,2.67696360745584,0.112041436334293,136.01337196345,104.196567862715,71.009360374415,13.3669463916193,10.6937741224075,10.5537666232742,0
4712,97.5626258456747,61.8130754308547,0.773682664605849,0.97901516725535,252.919,1.57834932440484,0.925661569883893,42.0918930390492,41.2710101867572,38.0256791171477,18.573239687825,18.2316570219256,17.3289248100556,0
5018,96.922746116021,66.1178378732098,0.731193143594088,0.988378963955092,256.824,1.46590918931566,0.956025132653336,43.4453965723396,41.7247907532882,37.8463531287365,18.4271593861295,18.1415762854183,17.4311512682046,0
15582,249.467012863744,102.353171430271,0.911956277232216,0.770508826583593,661.101,2.43731590704736,0.448020035227303,43.4353741496599,41.3445642407907,38.4288281350276,20.8488320153402,20.7595347911189,19.3847385187405,0
4510,159.33495451438,90.6406514638027,0.822428430547884,0.516372795969773,877.361,1.7578752131764,0.073625753924436,126.329490022173,101.352771618625,72.5128603104213,26.199155271347,21.5759333633579,17.1622445460395,0
5504,99.8343109951943,70.579867104727,0.707243493260808,0.970209765556143,291.88,1.4144870922902,0.811857139226486,37.4529433139535,36.5961119186046,34.390625,20.2079495097985,20.3582986243333,19.4826143451252,0
10900,149.907271870067,99.9036670807529,0.74556185853727,0.907501456997752,445.012,1.50051821169783,0.691660409866121,36.2180733944954,35.4437614678899,34.3988990825688,21.7638120291868,22.0254182703616,21.1357914371813,0
6443,114.012900904827,72.7090303722703,0.770263014289224,0.979179331306991,320.875,1.56807071035167,0.786368723822475,35.9737699829272,35.8019556107403,33.6538879404004,16.9984502057012,17.0911653083918,16.3976327890527,0
5370,115.363197902748,60.7655443995008,0.85003110811625,0.970715835140998,285.545,1.89849690384237,0.827627723247246,48.9856610800745,46.8067039106145,42.8227188081937,20.5781761295461,20.2998263544382,18.653725843842,0
5964,109.687125673112,69.3643510826851,0.774655309037705,0.986600496277916,288.341,1.58131841444549,0.901435584880966,34.114185110664,33.0778001341382,31.3663648558015,23.6023333418872,22.7905905598717,20.9308392648516,0
6669,118.146073173402,72.1912407853959,0.791604528149356,0.984644913627639,303.467,1.63657075135495,0.910013088469038,41.6711650922177,39.2720047983206,36.2024291497976,17.9255018070367,17.8603300422062,17.0235762302647,0
9649,136.640401141955,110.601845062214,0.587206238257562,0.768538430904022,582.359,1.23542605519008,0.357528434440014,63.7199709814489,55.1796041040522,44.0147165509379,39.2719651566208,30.2770748078947,22.5255610985312,0
6025,109.235407198778,70.3788515250469,0.764784581614451,0.984959947686775,283.924,1.55210556625668,0.939209994838503,32.096265560166,31.7030705394191,30.8336929460581,17.4804394854392,17.5135680337108,16.9947621038403,0
9154,168.269250858363,81.9424843703376,0.87341734684187,0.827218507138984,456.203,2.05350438360977,0.552719132894033,60.3140703517588,51.1149224382783,42.0052436093511,41.5980806182961,30.9887238412488,23.3258492195282,0
23591,304.761490484365,121.325694228809,0.91734181826064,0.784927632673432,852.181,2.51192867612702,0.40821834767964,46.5492772667543,45.2679835530499,42.0295451655292,22.9307308506592,22.8908794393786,21.7056422369432,0
4433,91.7224255950009,61.6115573932293,0.740807407599069,0.984236234458259,241.97,1.48872110162047,0.951446880094444,38.6000451161742,37.5316941123393,35.2188134446199,18.969181494423,19.165944744419,18.3804297152149,0
3467,85.2258886992525,52.0412137558619,0.791918481644467,0.959856035437431,251.672,1.63766143309163,0.68785025857026,39.3521776752235,34.9625036054226,33.727141620998,19.259510214844,19.6732624365091,19.2537335051497,0
8773,131.122102730523,86.0433358272267,0.754580301019321,0.970679353839345,383.968,1.52390770848092,0.747769814894122,39.4228884076143,31.1805539724154,29.4475094038527,24.7301926987526,22.2175846418403,20.4501302988156,0
8973,183.233010076802,74.8640057398915,0.912725779432961,0.846589300877441,491.632,2.44754482833084,0.466516754495024,41.846651064304,39.8787473531706,37.1735205616851,22.7765341380359,22.9529216301501,22.2859382514085,0
3998,85.2059953590231,59.9651609498976,0.710430940914849,0.981104294478528,228.96,1.42092498392883,0.958370464516794,39.3266633316658,35.1700850425213,32.8506753376688,17.1749986857963,17.5553475674488,17.0552667785588,0
5610,112.064643055424,64.13670640775,0.820031186304645,0.978204010462075,284.875,1.74727779663288,0.868688453377667,48.7053475935829,45.5185383244207,40.6474153297683,26.3901901428696,22.7492496609897,19.044423522557,0
11192,203.384526283495,75.2908140207052,0.928956264649815,0.883137378679081,484.923,2.70131926356333,0.598097516306858,38.4625625446748,36.4850786275911,33.9188706218728,27.370341309326,23.9610187184555,20.9993305196539,0
13840,208.659566614237,94.0135480331816,0.892746406025042,0.885589966726389,569.634,2.21946273680248,0.535986865693802,41.8195809248555,41.1225433526012,37.9533959537572,19.0091471768354,18.8632705572585,17.8476927325679,0
4923,93.6209033671334,67.5030093748802,0.692909075928355,0.972156398104265,260.446,1.38691451291018,0.912019903301265,41.8872638634979,40.8269347958562,37.8732480195003,18.6096824986068,18.7013383087961,17.5131627908693,0
24403,240.579412168366,159.688550928063,0.747939872292344,0.770685952501263,825.172,1.506553918676,0.450364466986804,63.4906363971643,55.3169692250953,46.2095234192517,46.1994552479619,37.5630024227831,28.6514411108689,0
4571,94.239138629461,61.8923121723659,0.754101368637078,0.981111826572226,246.411,1.52263076498114,0.946021274068086,35.7908553926931,35.1780791949245,33.5720848829578,16.2766298061307,16.2683664497783,15.5709219403491,0
11354,195.062730925877,86.8230181251361,0.895479350603097,0.832343669818928,568.382,2.24667070021383,0.441649885492112,39.4052316364277,38.4798308966003,35.9775409547296,21.0784137669417,21.0163871780172,20.068602664558,0
5552,102.971599382322,68.8329965482129,0.743742846976301,0.978498413817413,283.817,1.49596275835816,0.866128862621864,36.9684798270893,36.8463616714697,34.7505403458213,19.0849558620806,19.0640858856378,18.4070329269651,0
5734,109.107084480004,67.4420380991377,0.786078224214666,0.964183621994283,297.429,1.61779043983842,0.814518458628998,42.4502964771538,41.8648412975235,39.5531914893617,26.3583210953181,26.1314695001878,25.1776984030904,0
6065,120.434767613363,64.7988067883937,0.842918859733768,0.973515248796148,309,1.85859545233067,0.79822203135795,48.3912613355317,47.4136850783182,43.9802143446002,25.2259595084474,25.1654848288666,23.9686732998754,0
13353,183.369504248181,111.529783489964,0.793765225500943,0.845661811272958,533.344,1.64413037047348,0.589893873275456,42.6343143862802,41.8036396315435,39.1944881300082,21.4002229993971,21.4419268494165,20.080477528326,0
4719,94.0174281567151,64.2005967678334,0.730550693258018,0.972187886279357,259.246,1.46443230888815,0.882339481790957,38.1197287560924,36.6013986013986,34.2282263191354,18.0439583421195,17.8720265361053,17.4061353599099,0
7253,120.217339441253,78.6638479064742,0.756194475839216,0.937201188784081,428.19,1.52824127779998,0.497112290250824,42.3591617261823,41.8211774438164,39.5021370467393,23.0595149072637,22.8135838177878,21.5311739801006,0
6695,119.77856934538,71.5852273405628,0.801759823609463,0.981815515471477,304.376,1.67323027103818,0.90811246001308,34.7075429424944,33.682001493652,32.349215832711,23.4671749754155,21.9748681083787,19.594521031762,0
14163,199.570503515676,104.737352359145,0.851217061407896,0.847424160832885,654.986,1.90543773563558,0.414859543042657,38.9528348513733,38.738967732825,36.7383322742357,23.8434505116897,23.8022349620779,22.6885737386601,0
6623,120.973663275551,70.0922149901213,0.815042898552368,0.981912527798369,310.713,1.72592153483237,0.862076428926094,44.8135286124113,44.2957874075192,41.635210629624,20.4639214009792,20.4217889588788,19.6862841563409,0
5942,108.819422983916,69.923663445512,0.766230324958274,0.972504091653028,313.59,1.5562603219254,0.75930821971706,39.9437899697072,38.6242006058566,36.6454055873443,25.2116548802872,24.984061035645,23.66429021694,0
7595,115.457743689319,84.2305331955574,0.683942850320874,0.978737113402062,333.538,1.37073504475226,0.857920413644002,44.5260039499671,43.4535878867676,40.9458854509546,24.3114871718975,23.9750781129105,22.9692078374632,0
5936,106.956978922583,71.2027499460919,0.746207058247365,0.976155237625391,283.48,1.50214674297778,0.928237069435142,91.6770552560647,60.859332884097,47.0436320754717,25.4837474510572,20.4890483535984,18.1781676512312,0
5868,105.964505303396,70.9272232418073,0.742948230422392,0.973295737269862,293.137,1.49398919709768,0.858141077666746,35.9314928425358,34.8093047034765,33.4810838445808,19.6652766450483,19.4431934779316,18.4815281461186,0
14442,196.828573656879,117.405800382046,0.802622303463427,0.810392233881376,681.118,1.67648082987711,0.391194274177038,44.9186400775516,43.2773854036837,40.2264921755989,24.8122168494713,24.194662154259,23.2486821520176,0
4337,88.9654527189721,62.2561437011425,0.714359529490473,0.978785827127059,238.538,1.42902286312571,0.957820524268291,41.6737376066405,40.893935900392,37.559142264238,16.3432630160943,16.1684171953218,15.5656943142772,0
9001,246.514736152854,85.3780000978645,0.938108928475273,0.482523855473357,1142.731,2.88733322249627,0.0866188887065055,72.4980557715809,62.8209087879125,52.0375513831796,40.771684368193,33.0396585013394,25.6009490007098,0
10776,139.49836755124,105.374048957895,0.65528888590532,0.91531470313429,421.831,1.32383987263297,0.761010171896417,43.8218262806236,42.6896807720861,39.755289532294,21.1952844785369,21.0756020465443,20.1001661026639,0
6810,115.430592988212,75.3708009729097,0.757398062815063,0.979010925819436,320.057,1.53150280344906,0.835415090107766,51.7032305433186,50.0728340675477,46.9726872246696,21.8993787979397,21.6741508923525,21.1647924347271,0
5724,110.784420543651,66.0967436627143,0.802520236806976,0.975959079283887,284.048,1.67609498448175,0.891509586703803,39.4636617749825,38.4540531097135,36.7299091544375,22.8232136472889,22.6970834021038,21.8583770951015,0
6545,108.803502091637,77.0243723122224,0.706290810233866,0.975700655933214,312.937,1.41258537817869,0.839857655419573,41.5914438502674,40.5144385026738,37.8760886172651,20.8342712452694,20.7054411749278,20.0229945283447,0
1580,90.6792167401709,41.8484307976834,0.887140367830816,0.495142588530241,320.256,2.16684867297798,0.193585311196232,74.9278481012658,67.6873417721519,58.0481012658228,42.1645182083987,40.1010246326686,37.3266764575492,0
7398,116.93039278258,81.9603288146624,0.713227477960294,0.948583151686114,346.587,1.42667061581703,0.773926385283345,39.7967018113004,38.2460124357935,36.4268721276021,25.5894052519726,25.4052626477204,24.1397343133994,0
5327,101.020106157633,68.6759025238462,0.733375208273364,0.957232704402516,285.661,1.47096874515127,0.82033389522783,67.011826544021,55.263187535198,45.8545147362493,35.3042520008113,28.1893009850452,21.3333970146896,0
15119,197.30725636312,132.862737014944,0.739296648489048,0.718242280285036,969.939,1.48504585104948,0.201950106645404,56.9734770818176,50.1771942588796,42.9532376479926,41.4012966106991,35.5104354200111,27.8414637792667,0
5523,110.559590492529,63.9611688422992,0.815666693540924,0.977003361047232,298.645,1.72854237178062,0.778169869642109,51.8296215824733,49.1003078037299,45.1300018106102,17.6775551726819,17.7884487212794,17.1691452038259,0
137,28.3486322874296,13.0301570971021,0.888105476757597,0.51310861423221,86.804,2.17561707630788,0.228481454398794,132.744525547445,110.846715328467,79.2627737226277,9.78596624003888,8.64826615651683,7.89943228879056,0
12559,191.148257263958,101.94427577734,0.845909989733638,0.624328892423941,792.09,1.87502687920852,0.251545101007904,54.665896966319,48.6748148737957,42.0425193088622,37.7736636539817,30.658219402649,24.8751193669579,0
6777,116.388756917529,74.5343077358244,0.768049099204104,0.980752532561505,312.489,1.56154609136576,0.872123283410521,44.8055186660764,43.8146672568983,41.0073778958241,23.8637404871009,23.6917284336531,22.4646962672622,0
16690,252.189800754227,99.9052302298807,0.918185395995065,0.81145468689226,664.307,2.52429027162984,0.475257022912302,41.2486518873577,40.716237267825,38.4431995206711,23.4972764846717,23.3466506679544,22.5323259680976,0
12597,199.725772822414,96.2076495542569,0.876336887876799,0.833520809898763,623.186,2.07598640802234,0.407606984181253,41.066761927443,40.3144399460189,37.1332063189648,18.6326125387019,18.3892095592287,17.8140256803375,0
6035,108.986791996776,70.888434787301,0.759564978816017,0.984341869189366,285.214,1.5374410836378,0.932278050925209,34.3365368682684,33.2748964374482,31.9680198840099,20.8679319124753,20.5673866248754,19.3108086255056,0
6901,117.448768484727,75.3743588497425,0.766902421862401,0.970877884074283,345.422,1.55820587102915,0.726811687871335,39.4486306332416,38.6158527749602,36.3024199391393,25.2674592804043,24.7197176057531,23.4132622196531,0
6117,101.066442358762,77.5811463509928,0.640899038705571,0.975598086124402,293.94,1.30271911556343,0.889674135183227,39.8402811835867,39.3750204348537,37.0070295896681,18.5199367355845,18.1429525471805,17.6911438093139,0
395,47.8980450032881,15.9177503661142,0.943164695350237,0.532345013477089,166.877,3.00909637992902,0.178243619362286,140.427848101266,114.367088607595,82.1721518987342,3.39703277169872,3.09894863123485,3.94579184402327,0
5570,93.3639028074254,76.4711604099613,0.573699881907222,0.967181802396249,306.253,1.22090344002762,0.746284387027569,53.1606822262118,51.4572710951526,46.6579892280072,21.118657619749,20.8854554666303,20.1606203778642,0
5341,104.019252936041,65.787194420386,0.774599475706891,0.971974522292994,287.696,1.5811474231801,0.810895321251963,49.4755663733383,47.3922486425763,44.5781688822318,21.4018710959273,21.0766091441156,20.3790329502462,0
4091,90.3644931182707,57.9572134604127,0.767230445782587,0.980114997604217,243.898,1.55915869178206,0.864217120118911,66.0127108286483,51.8618919579565,42.1500855536544,29.6697772474974,23.6824394566968,19.1104232204588,0
4693,90.845392391392,66.0318619152076,0.686785891247768,0.978115881617341,254.995,1.37578117224754,0.906978701517909,40.6697208608566,39.658427445131,37.6707862774345,24.1432746859368,23.6677748764702,22.4329937410025,0
7064,115.547013629431,78.4023414353162,0.734570882588279,0.973136795701887,337.211,1.47376993485278,0.780651302029513,54.5035390713477,52.2126274065685,46.9961778029445,27.4366114879293,25.728713068249,23.5853644797218,0
3419,89.306922977869,49.200791060356,0.83455938157901,0.966911764705882,227.521,1.81515217648256,0.829976869179842,49.0429950277859,40.7926294238081,38.4024568587306,20.8749703820767,21.7724412200999,21.2015200565876,0
6655,112.79803963077,75.3736808262023,0.74396552337543,0.979252501471454,308.422,1.49651759598767,0.879158593773325,39.1241172051089,38.2692712246431,35.9643876784373,19.3606768971834,19.0335926042595,18.3090005471061,0
6061,113.197139940163,69.1267042364403,0.791881054276651,0.973967539771814,296.288,1.63753127232834,0.867612945051854,53.6337238079525,50.6809107408018,46.0980036297641,20.0420550699771,19.8994206981236,19.1501440586225,0
7956,131.44226381486,77.3348055508873,0.808602230127202,0.978959025470653,355.346,1.69965208910197,0.791774984146813,38.859477124183,37.176219205631,34.7488687782805,21.5278659561071,20.8628002682109,19.6491227569749,0
2213,57.2266506662507,55.3635128542281,0.253089650680864,0.796043165467626,246.469,1.03365281059618,0.457790390253398,94.3967464979666,81.3104383190239,52.2806145503841,16.8689188570673,17.1284073031526,17.9522515470258,0
10695,140.980931356237,100.602090732769,0.700567122590686,0.935777408347187,427.09,1.40137178391975,0.73680378334589,39.2176718092567,38.8372136512389,36.6796633941094,20.8403840298337,20.6292437903337,19.7312230716673,0
101,49.2181440050533,11.8650968099756,0.970507332705136,0.278236914600551,100.061,4.14814516841305,0.12676564195235,120.940594059406,106.425742574257,86.6039603960396,12.1242086605091,11.4169580315016,11.5698567043164,0
3377,82.271524827429,54.7977279581557,0.745898643721738,0.930815876515987,225.967,1.50136744520234,0.831095412303194,116.431151909979,92.5996446550192,67.3156647912348,16.0925404661581,14.7792276047861,14.6942526458902,0
1456,109.508383891746,70.5493001949245,0.76482632391988,0.292076228686058,621.531,1.55222494892479,0.0473637030370462,135.413461538462,110.909340659341,80.4429945054945,10.2411841613506,9.15382229018553,9.30481413084602,0
6010,96.3437207705734,79.8440118447299,0.559632026270489,0.977712705384741,301.591,1.20664929710609,0.830323981513638,54.0111480865225,52.944925124792,48.9948419301165,24.4804093073064,24.0660832671968,23.4063457453653,0
68,13.6251165065914,10.343178638945,0.650943844976881,0.641509433962264,53.31,1.31730457166126,0.300677833051828,130.573529411765,104.573529411765,70.0735294117647,11.9205281066908,11.9205281066908,11.8022464045262,0
6022,114.18647870953,68.2662136943877,0.801609122262869,0.972545219638243,297.221,1.67266459541344,0.85662675215569,43.5039853869146,41.1107605446695,37.9815675855198,20.921605337477,19.3459536610482,17.6426492223568,0
4068,84.609837309678,61.4552932764032,0.687338280733523,0.980240963855422,235.329,1.37677053999456,0.923081207728909,41.6300393313668,40.903883972468,38.8176007866273,25.1522543911553,24.8819559747301,23.9228364683689,0
17025,212.699575259708,133.952932490579,0.776777387019905,0.77679426928868,735.066,1.58786800187945,0.395953616668614,50.4097503671072,48.3151248164464,44.7298678414097,23.6336803053266,23.3756538087564,22.6192286160226,0
19243,323.230104660007,98.6956549299935,0.952242825373645,0.759992101105845,790.965,3.27501859012212,0.386516564640472,42.4972197682274,40.6553032271475,38.1238372395157,24.2602995648974,23.8978578480125,22.7352658544729,0
8772,127.779763461962,87.8145222225329,0.72643667580122,0.985950320332696,342.617,1.45510970427138,0.939054224933353,41.6996124031008,39.391244870041,37.3717510259918,23.9344996972779,22.0729743157503,20.1740480628926,0
6372,108.881488516533,74.8721765642951,0.726043895817491,0.974311926605505,337.945,1.45423164535671,0.701121977074597,47.6627432517263,46.6392027620841,42.7153170119272,20.3724164791929,20.0774810861971,19.3718885281816,0
8273,191.819536803023,144.576664056592,0.657204990227721,0.444235622617194,1074.35,1.32676693057421,0.0900702383524199,97.1500060437568,83.7082074217333,66.7552278496313,40.2661041622203,33.4504664481549,26.9362681280605,0
7311,117.734360315826,79.5633644031658,0.737096850529956,0.979501607717042,327.162,1.47975593037066,0.85834313700253,51.9325673642457,50.7159075365887,46.8373683490631,22.6231536290711,22.4048159639711,21.7585797061749,0
4750,92.9410932033824,65.2758626553723,0.711845727169179,0.979785478547855,253.433,1.42382022117533,0.929345380524424,53.3174736842105,49.9852631578947,45.6690526315789,21.4658604488691,21.3212894139727,20.7472011915577,0
3493,74.7904432877815,60.6550670837077,0.585045826235905,0.981455465018264,215.81,1.23304526536202,0.942465193674123,51.4649298597194,48.3764672201546,43.6618952190094,25.1102662994176,22.2037835233258,19.8064351536971,0
6412,113.784070847613,72.0651325967127,0.77386554004565,0.973728170083523,319.684,1.57890600832397,0.788427159754662,50.9274797255147,48.6628197130381,45.6533063006862,26.9759688953546,26.2893175958749,24.9135090977742,0
7159,133.451700728883,68.7925414245814,0.856897739262845,0.971502239109784,335.431,1.93991525774911,0.799568787887027,51.1427573683475,49.1241793546585,45.1970945662802,19.3025285531616,19.2161445921389,18.4998391494748,0
9188,126.120061704381,102.922011050115,0.577961892236672,0.783090428705361,630.232,1.22539445564244,0.290689904474081,62.5347191989552,56.6077492381367,48.867218110579,39.1742178635933,31.9886339756887,25.4893673658171,0
77,34.7591604855562,3.95584898603506,0.993502833542207,0.663793103448276,66.566,8.7867763931998,0.218371354475764,96.8701298701299,80.7012987012987,58.8831168831169,17.6421673759137,17.8606189371337,17.1609823865943,0
6897,113.810115736956,77.6048464528084,0.731464017483071,0.979826679926126,309.746,1.46653361148217,0.903355465818013,47.9363491373061,46.0591561548499,42.933739306945,24.2837091315695,23.4068285056207,22.1371316670216,0
6298,106.318641989284,75.8574102852403,0.700664239785277,0.975073540795789,295.62,1.40155907761026,0.905617685268882,42.1562400762147,40.801841854557,38.2908859955541,20.1199683610213,20.0088066152985,19.1475514744427,0
6844,112.606790586528,77.7856804043444,0.723072111025529,0.980375304397651,307.387,1.44765450403181,0.910225235928656,40.9807130333139,39.6192285213326,37.9013734658095,23.3195888229845,22.6592782748538,21.3926173759816,0
6427,106.827917549809,76.860220303703,0.694516358455126,0.975265553869499,329.667,1.38989866445467,0.743134137316662,53.9858409833515,50.6710751517037,45.20476116384,21.9185946563679,21.3871965797248,19.6562449016445,0
3284,79.1651538646796,53.2975058408188,0.739419920776776,0.971023063276168,211.213,1.48534443808906,0.925063876299891,43.2725334957369,41.0736906211937,38.3632764920828,20.7056380928911,20.1043892146184,18.6153949889728,0
4964,94.7459159072463,67.1590934847226,0.705375683793441,0.969910121141071,271.645,1.41076823690003,0.845353208879482,45.9258662369057,44.6494762288477,41.1885576148268,19.5082024151359,19.2827152842191,18.8358632968046,0
605,65.2768797258813,23.3512448086582,0.933826549301842,0.425457102672293,257.254,2.79543468713402,0.114879084564246,136.561983471074,111.456198347107,84.7223140495868,9.51775315914433,5.85815914514661,6.06604772761144,0
19963,212.100642596024,136.809932711044,0.76416259947284,0.865360440417877,720.949,1.55033072813508,0.48264363506785,52.6886740469869,51.1141611982167,48.1257326053198,24.0070499752109,23.6696942257068,22.8963486574505,0
5681,106.228347692661,68.2324039505223,0.766438057002694,0.984404782533356,278.747,1.55686069290027,0.918785746696751,41.3166696004225,38.3603238866397,36.349586340433,23.9577360825739,23.3449312025721,22.2465051913046,0
6302,105.395792902736,76.4737937701571,0.688130676415606,0.983611674730763,291.964,1.37819490451206,0.929029817162518,45.5569660425262,44.0520469692161,40.6386861313869,23.8010689312725,23.3358922567134,21.9646680270031,0
2742,82.4614631896771,46.4095153591329,0.826591420887117,0.874362244897959,216.713,1.77682232946329,0.733681192081165,119.048140043764,93.5795040116703,66.5175054704595,17.8940255225932,16.9611674010952,16.5208088494788,0
88,31.4803019572133,4.69352278952421,0.988823033690089,0.692913385826772,60.992,6.70717995180002,0.297267059308896,113.193181818182,98.3295454545455,76.6818181818182,19.3038963100243,18.4089693224567,17.3685840412725,0
811,82.9580443358816,37.9752150949681,0.889073687733552,0.308599695585997,311.729,2.18453125620015,0.104876046031926,131.327990135635,104.954377311961,75.2503082614057,17.7725254263296,14.0427615008078,11.0251221220489,0
5145,95.9057051828362,68.5301385533286,0.699576739626739,0.970388532629197,272.148,1.39946755117392,0.872941115037331,45.5638483965015,44.1720116618076,41.1902818270165,21.1361913301049,20.9804988402607,20.0254247129049,0
5844,102.552727781391,72.729210348395,0.705018963133563,0.972379367720466,292.005,1.41006243970108,0.861270347853344,45.6379192334018,44.1868583162218,40.8685831622177,16.2446944279031,16.0334770366175,15.8417051509437,0
6672,112.557319304879,75.8525564766789,0.738821119503542,0.98103220114689,301.299,1.48389618666953,0.92357149643573,44.2453537170264,43.6722122302158,40.7459532374101,16.4389065610516,16.371539374053,15.5210042390442,0
7676,120.692658061392,81.4386966175295,0.738036324012654,0.968458238708049,331.792,1.48200625837881,0.876219692455515,40.778921313184,38.6948931735279,35.8437988535696,24.8557685174939,23.4633137714,21.1549694297427,0
2410,61.7035359370453,50.3907330756687,0.577120846596252,0.965544871794872,181.763,1.22450165280169,0.916676171712444,76.2141078838174,60.4477178423236,52.0182572614108,26.6512423246625,22.5384677614999,20.2198090842235,0
12294,160.949044999745,103.207242023721,0.767338947214433,0.910801600237072,471.148,1.55947433381421,0.695966553592189,47.184317553278,45.2203513909224,41.564177647633,18.4294432311582,18.2110293553094,17.2243956847818,0
6070,104.553092414671,74.2829926100312,0.703716316474093,0.972288963639276,322.703,1.40749704260773,0.732474566550035,55.6349258649094,53.1444810543657,48.9125205930807,17.6141008562151,17.7774375607848,16.956325647828,0
8080,121.366547731962,94.4711792113457,0.627774152458129,0.891340319911748,422.554,1.28469390077632,0.568665381209057,116.181806930693,94.2867574257426,69.564603960396,16.7493847511816,15.3770717729194,14.8275154476358,0
16685,210.192893313312,119.597938318196,0.822343506442823,0.818132784152202,711.893,1.75749595912,0.413720108472315,46.9026071321546,45.8186994306263,43.1039256817501,28.1088820584311,28.0404186535305,26.7177184212147,0
5791,97.3786726252102,76.0636063502545,0.624391495308255,0.978209459459459,283.561,1.2802268692968,0.905045535618813,44.7665342773269,43.960283198066,41.3172163702297,24.3324142337469,23.894098768984,22.497592554098,0
5881,105.036357744091,71.4415106269052,0.733063853580767,0.987241900285379,280.916,1.47024267575515,0.936500668667621,46.8342118687298,45.6053392280224,42.3710253358272,21.3289962504021,22.0206496794287,21.5702712663269,0
5349,100.889749652552,67.7082282702456,0.741356814238312,0.979849789338707,282.61,1.49006630700583,0.841603265281484,48.0757150869321,47.4144699943915,43.9715834735465,24.3500184504984,24.1282107393428,22.9318348642413,0
6349,107.083717254726,75.8892062137837,0.705519572133152,0.98129829984544,295.568,1.41105333152472,0.913272467882939,48.5906441959364,45.4781855410301,42.4608599779493,19.7156978175376,19.8410120083068,19.1480136777877,0
7889,128.062038462033,79.0383000986387,0.786816043536819,0.976965944272446,338.525,1.62025294448657,0.86506815809112,45.603371783496,45.0245912029408,41.1294207123843,18.2260497152827,18.1894722371779,17.5889396742869,0
